"Status","Start Time","Stop Time","Duration in ms","Parent Suite","Suite","Sub Suite","Test Class","Test Method","Name","Description"
"passed","Sun Apr 11 23:09:03 CST 2021","Sun Apr 11 23:09:03 CST 2021","1","test_case","test_main","","","","test_sub[sub_float_zero]",""
"passed","Sun Apr 11 23:09:03 CST 2021","Sun Apr 11 23:09:03 CST 2021","0","test_case","test_main","","","","test_add[add_minus]",""
"passed","Sun Apr 11 23:09:03 CST 2021","Sun Apr 11 23:09:03 CST 2021","0","test_case","test_main","","","","test_add[add_minus_int_float]",""
"passed","Sun Apr 11 23:09:03 CST 2021","Sun Apr 11 23:09:03 CST 2021","0","test_case","test_main","","","","test_sub[sub_int_float]",""
"passed","Sun Apr 11 23:09:03 CST 2021","Sun Apr 11 23:09:03 CST 2021","1","test_case","test_main","","","","test_sub[sub_s_sub-b]",""
"passed","Sun Apr 11 23:09:03 CST 2021","Sun Apr 11 23:09:03 CST 2021","0","test_case","test_main","","","","test_add[add_minus_float]",""
"passed","Sun Apr 11 23:09:03 CST 2021","Sun Apr 11 23:09:03 CST 2021","1","test_case","test_main","","","","test_sub[sub_bignum]",""
"passed","Sun Apr 11 23:09:03 CST 2021","Sun Apr 11 23:09:03 CST 2021","1","test_case","test_main","","","","test_add[add_int_float]",""
"passed","Sun Apr 11 23:09:03 CST 2021","Sun Apr 11 23:09:03 CST 2021","0","test_case","test_main","","","","test_sub[sub_minus_float]",""
"passed","Sun Apr 11 23:09:03 CST 2021","Sun Apr 11 23:09:03 CST 2021","0","test_case","test_main","","","","test_add[add_int]",""
"passed","Sun Apr 11 23:09:03 CST 2021","Sun Apr 11 23:09:03 CST 2021","0","test_case","test_order","Test_order","","","test_02[01执行第二次]",""
"passed","Sun Apr 11 23:09:03 CST 2021","Sun Apr 11 23:09:03 CST 2021","1","test_case","test_main","","","","test_sub[sub_minus_float_minus_int]",""
"passed","Sun Apr 11 23:09:03 CST 2021","Sun Apr 11 23:09:03 CST 2021","0","test_case","test_order","Test_order","","","test_03",""
"passed","Sun Apr 11 23:09:03 CST 2021","Sun Apr 11 23:09:03 CST 2021","0","test_case","test_main","","","","test_add[add_bignum]",""
"passed","Sun Apr 11 23:09:03 CST 2021","Sun Apr 11 23:09:03 CST 2021","0","test_case","test_main","","","","test_add[add_minus_int]",""
"passed","Sun Apr 11 23:09:03 CST 2021","Sun Apr 11 23:09:03 CST 2021","0","test_case","test_order","Test_order","","","test_01",""
"passed","Sun Apr 11 23:09:03 CST 2021","Sun Apr 11 23:09:03 CST 2021","0","test_case","test_main","","","","test_add[add_float]",""
"passed","Sun Apr 11 23:09:03 CST 2021","Sun Apr 11 23:09:03 CST 2021","0","test_case","test_main","","","","test_sub[sub_minus_float_int]",""
"passed","Sun Apr 11 23:09:03 CST 2021","Sun Apr 11 23:09:03 CST 2021","0","test_case","test_main","","","","test_sub[sub_fushu]",""
"passed","Sun Apr 11 23:09:03 CST 2021","Sun Apr 11 23:09:03 CST 2021","0","test_case","test_main","","","","test_add[add_zeronum]",""
"passed","Sun Apr 11 23:09:03 CST 2021","Sun Apr 11 23:09:03 CST 2021","0","test_case","test_main","","","","test_add[add_minus_int_zero]",""
"passed","Sun Apr 11 23:09:03 CST 2021","Sun Apr 11 23:09:03 CST 2021","0","test_case","test_main","","","","test_sub[sub_int_minus_float]",""
"passed","Sun Apr 11 23:09:03 CST 2021","Sun Apr 11 23:09:03 CST 2021","0","test_case","test_order","Test_order","","","test_04",""
"passed","Sun Apr 11 23:09:03 CST 2021","Sun Apr 11 23:09:03 CST 2021","0","test_case","test_main","","","","test_sub[sub_float]",""
"passed","Sun Apr 11 23:09:03 CST 2021","Sun Apr 11 23:09:03 CST 2021","0","test_case","test_main","","","","test_add[add_minus_float_1]",""
"passed","Sun Apr 11 23:09:03 CST 2021","Sun Apr 11 23:09:03 CST 2021","0","test_case","test_main","","","","test_sub[sub_minus_float_1]",""
"passed","Sun Apr 11 23:09:03 CST 2021","Sun Apr 11 23:09:03 CST 2021","0","test_case","test_main","","","","test_sub[sub_int_zero]",""
"passed","Sun Apr 11 23:09:03 CST 2021","Sun Apr 11 23:09:03 CST 2021","0","test_case","test_main","","","","test_sub[sub_int]",""
"passed","Sun Apr 11 23:09:03 CST 2021","Sun Apr 11 23:09:03 CST 2021","0","test_case","test_order","Test_order","","","test_02[01执行第一次]",""
"passed","Sun Apr 11 23:09:03 CST 2021","Sun Apr 11 23:09:03 CST 2021","1","test_case","test_main","","","","test_add[add_minus_int_minus]",""
